{
  "type": "unitFactory",
  "name": "[orange]Core Unit Factory",
  "description": "Creates core units.",
  "size": 3,
  "liquidCapacity": 300,
  "consumes": {
    "power": 15,
    "liquid": {
      "liquid": "cryofluid",
      "amount": 1.2
    }
  },
  "plans": [
    {
      "unit": "gamma",
      "requirements": [
        {
          "item": "silicon",
          "amount": 550
        },
        {
          "item": "plastanium",
          "amount": 350
        },
        {
          "item": "phase-fabric",
          "amount": 200
        },
        {
          "item": "surge-alloy",
          "amount": 180
        }
      ],
      "time": 12000
    },
    {
      "unit": "burner",
      "requirements": [
        {
          "item": "silicon",
          "amount": 500
        },
        {
          "item": "plastanium",
          "amount": 300
        },
        {
          "item": "phase-fabric",
          "amount": 150
        },
        {
          "item": "surge-alloy",
          "amount": 150
        }
      ],
      "time": 12000
    },
    {
      "unit": "beta",
      "requirements": [
        {
          "item": "silicon",
          "amount": 200
        },
        {
          "item": "plastanium",
          "amount": 150
        },
        {
          "item": "phase-fabric",
          "amount": 150
        },
        {
          "item": "surge-alloy",
          "amount": 100
        }
      ],
      "time": 10000
    }
  ],
  "requirements": [
    {
      "item": "lead",
      "amount": 2600
    },
    {
      "item": "silicon",
      "amount": 1800
    },
    {
      "item": "titanium",
      "amount": 2250
    },
    {
      "item": "phase-fabric",
      "amount": 900
    },
    {
      "item": "surge-alloy",
      "amount": 600
    }
  ],
  "category": "units",
  "research": "mod-gate-units"
}