{
  "type": "GenericCrafter",
  "name": "thorium processor",
  "description": "Crafts thorium from uranium rods, plastanium and. lead.",
  "size": 2,
  "hasPower": true,
  "hasItems": true,
  "hasLiquids": false,
  "craftTime": 300,
  "craftEffect": "smeltsmoke",
  "updateEffect": "pulverizeRed",
  "consumes": {
    "power": 1.1,
    "items": {
      "items": [
        {
          "item": "uranium",
          "amount": 1
        },
        {
          "item": "plastanium",
          "amount": 1
        },
        {
          "item": "lead",
          "amount": 1
        }
      ]
    }
  },
  "requirements": [
    {
      "item": "copper",
      "amount": 200
    },
    {
      "item": "lead",
      "amount": 150
    },
    {
      "item": "titanium",
      "amount": 60
    },
    {
      "item": "stone",
      "amount": 50
    }
  ],
  "category": "crafting",
  "research": "big-plastanium-press",
  "outputItem": {
    "item": "thorium",
    "amount": 3
  }
}