{
    "type": "Reconstructor",
    "name": "[green]Core Reconstructor",
    "description": "Upgrades the burner core-unit.",
    "health": 2000,
    "size": 3,
  "liquidCapacity": 400,
    "constructTime": 200,
    "upgrades": [
        ["burner", "radiated"]
    ],
    "consumes": {
        "power": 22,
      "liquid": {
        "liquid": "cryofluid",
        "amount": 1.5
      },
        "items": {
            "items": [
                {
                    "item": "silicon",
                    "amount": 2000
                },
		{
                  	"item": "thorium",
                  	"amount": 600
                },
                {
                    "item": "plastanium",
                    "amount": 1200
		},
                {
                    "item": "phase-fabric",
                    "amount": 700
		},
		{
			"item": "surge-alloy",
			"amount": 1000
		}
            ]
        }
    },
    "requirements": [
        {
            "item": "copper",
            "amount": 4500
		    }
        {
            "item": "lead",
            "amount": 4050
        },
        {
            "item": "titanium",
            "amount": 2700
        },
        {
            "item": "phase-fabric",
            "amount": 1350
		    },
{
  "item": "surge-alloy",
  "amount": 900
}
    ],
    "category": "units",
    "research": "serpulo"
 }